case,green_mean_nW,green_SE_nW,blue_mean_nW,blue_SE_nW,replicates,packets_per_rep,NE_green_nW,NW_green_nW,SW_green_nW,SE_green_nW
baseline,0.6778626212286923,0.09215867148434073,0.00018418889517750252,4.174415687875561e-05,3,56000,0.6599620936503318,1.6846323611624572e-06,0.0,0.017898842945999527
PD_centered,0.8976477626989926,0.04871320748795129,0.00018243343297822786,2.3736818979352706e-05,3,56000,0.8754184565692847,1.727926854657142e-06,0.0,0.022227578202853242
PD_reversed,1.0678601527190896,0.06889647877591733,0.00023598657949654966,3.813199984554283e-05,3,56000,1.04517718562784,0.0,0.0,0.02268296709124967
PD_x_minus,0.6889551715952505,0.023250636332841915,0.00019368919675836314,8.26263175142662e-05,3,56000,0.6558619958943862,6.4454792317996e-10,0.0,0.03309317505631653
PD_x_plus,0.6539185321955336,0.009333721411031391,0.0001247050042131605,3.021893530809784e-05,3,56000,0.6417521192668583,0.0,0.0,0.012166412928675319
resin_abs_0p1,0.6697872513019952,0.09547205177160649,0.00015956962137877605,7.008481474367936e-06,3,56000,0.6454981903334434,1.3640473837111553e-09,0.0,0.024289059604504445
resin_abs_0p5,0.34893722688736123,0.06390789216987072,8.728600946411938e-05,3.746979380448544e-05,3,56000,0.325217718375389,1.0480993341185036e-06,0.0,0.023718460412638157
resin_scatter_0p1,1.0337197286711914,0.06808770285965449,0.00014019362049428808,2.6408941987058497e-05,3,56000,0.9566932711037155,0.005407266286761775,0.0,0.07161919128071424
resin_scatter_1,1.9524004425142891,0.056340677976235876,0.00042744435215112344,5.314514277967782e-05,3,56000,1.811360101022652,0.006204196485603319,0.0,0.1348361450060339
liquid_scatter_0,0.6425967960607634,0.049519598288732654,0.00020244203583859774,5.522209615857684e-05,3,56000,0.5991273501015252,0.005227994981047339,0.0,0.038241450978190795
liquid_scatter_1,1.929277193260788,0.18373358963490996,0.00021094925096047757,0.00010152580320989347,3,56000,1.800491421143666,0.006175304496241904,0.0,0.1226104676208798
black_R_0,0.72061425487975,0.14074624940283278,0.00016414427383115043,3.70559156918812e-05,3,56000,0.6998244040843504,0.005306380428026128,0.0,0.015483470367373367
black_R_0p1,0.8797221005369856,0.06238786712821083,0.0003422059771122132,6.078906149930935e-05,3,56000,0.8351456119768258,4.787396786227875e-05,0.0,0.04452861459229776
filter_OD3,0.8045042761746486,0.027723626577896385,0.029170783022176693,0.005094231745035314,3,56000,0.7660771081835005,1.3063160330841298e-11,0.0,0.03842716797808474
filter_OD4,0.7715719564166972,0.047363525000788886,0.0025417034975580067,0.0007320329821645383,3,56000,0.7491075193975396,0.0,0.0,0.022464437019157596
filter_Tem_0p6,0.37073283035999566,0.05347404734141456,0.00018418889517750252,4.174415687875561e-05,3,56000,0.36250692783020577,4.113790318267188e-07,0.0,0.008225491150758
fill_75uL,0.7068276916320562,0.037510304580065476,0.00015368190161128966,2.3982664613627748e-05,3,56000,0.6610968598042175,0.0,0.0,0.0457308318278386
fill_200uL,0.745543495420022,0.09346730353433377,0.0001438020154955576,4.409067840391146e-05,3,56000,0.7009962266397137,2.9707984425394706e-13,0.0,0.04454726878001101
LED_x_minus,0.6840580041731945,0.0633043538605826,0.00017084015624250796,7.125412833730895e-05,3,56000,0.6620866410887922,0.005197249387052973,0.0,0.016774113697349404
LED_x_plus,0.6997454182336167,0.11502653096168901,0.0002331711111103511,4.739774396033453e-05,3,56000,0.6760393517249664,0.005398477887483502,0.0,0.018307588621166573
LED_z_plus,0.8522689530996065,0.09299737936860414,0.00022245072200761918,5.214234435350755e-05,3,56000,0.7936327197994949,0.0,0.0,0.0586362333001119
LED_NW,0.7545484111465942,0.015169165794026824,0.0001322623100642119,7.777911841832816e-05,3,56000,0.014848560723885964,0.7396003197839632,9.95306387448885e-05,0.0
LED_SW,0.8129079971432818,0.08176268062100346,0.00029951145334504485,3.615151055368392e-05,3,56000,0.0,0.0050431321395808274,0.7928579097177724,0.015006955285928561
LED_SE,0.9193013140373454,0.044750709282209006,0.00022829891871017295,5.743061083699684e-05,3,56000,0.032627047598499735,0.0,0.0054042519463779705,0.8812700144924676
