case,d_mm,holes,gap_mm,converged,dp_Pa,mean_head_mm_s,worst_head_mm_s,mean_head_fixed_dp_mm_s,Q_at_0p01Pa,mass_imbalance
holes_4,1.6,4,1.5,True,0.014894044528644833,0.0017513627914496975,0.002149726517139969,0.00117588126454262,0.67140929925163,0.0008892748882670298
d1p6_n4_h3,1.6,4,3.0,True,0.014520667136845213,0.0036622991879238192,0.004159037478020148,0.0025221287378945434,0.6886735923190247,0.000980012873756282
d1p6_n4_h4p5,1.6,4,4.5,True,0.01412933455060419,0.0034318700907661178,0.003920852797295741,0.0024288971844179078,0.7077474147267881,0.0011264123828370611
holes_6,1.6,6,1.5,True,0.014417587310147412,0.0015168111581920322,0.0019516804546980842,0.00105205616277036,0.6935973256053585,0.0008804968547000976
d1p6_n6_h3,1.6,6,3.0,True,0.014043296370724117,0.003451084035260354,0.003649041284779614,0.002457460089252824,0.7120835262614607,0.001007027062615411
d1p6_n6_h4p5,1.6,6,4.5,True,0.013651471044261348,0.003218655486973857,0.003430905952188992,0.0023577352774204353,0.7325217895989082,0.0011336087266032456
base,1.6,12,1.5,True,0.013922896358779819,0.0013741139000728203,0.0021495359800615217,0.0009869454348170163,0.7182413588602181,0.0008304139086531178
gap_3p0,1.6,12,3.0,True,0.013555184827821025,0.0013294668384646667,0.002113089100067584,0.0009807810482495476,0.7377250939047125,0.0010148596282472191
gap_4p5,1.6,12,4.5,True,0.01316528869494243,0.0013159723834669122,0.0021014111108436347,0.0009995773081470333,0.7595731648362253,0.0011559326487225645
d2_n4_h1p5,2.0,4,1.5,True,0.013829957363136924,0.0038555339618088417,0.004336958493905518,0.0027878133392410737,0.7230680281527485,0.0008403445754206966
d2_n4_h3,2.0,4,3.0,True,0.013456806144741353,0.0034631514477353005,0.0039000588346938254,0.002573531498102639,0.7431183813187202,0.0010105885712315688
d2_n4_h4p5,2.0,4,4.5,True,0.013065446713400205,0.0032408910194331904,0.0036648992951279743,0.002480505328692101,0.7653775809857143,0.001134081865105943
d2_n6_h1p5,2.0,6,1.5,True,0.01370738418021847,0.0036750637385998194,0.003871890261255307,0.0026810831959488027,0.7295337949622288,0.0008770456178011003
d2_n6_h3,2.0,6,3.0,True,0.013333608276013813,0.003292038612340476,0.0035263841432392855,0.002468978047197181,0.7499845347931264,0.0010011442876775264
d2_n6_h4p5,2.0,6,4.5,True,0.012941744655630942,0.0030644804840289606,0.0033159186283898663,0.0023679036834462716,0.7726933474652514,0.0011496011054510352
diameter_2p0,2.0,12,1.5,True,0.01355876509601536,0.001382932527726804,0.002096606011691564,0.0010199546329873503,0.7375302934438176,0.0007473119648299154
d2_n12_h3,2.0,12,3.0,True,0.013197424249736049,0.0018225766998630922,0.0024262866694579367,0.0013810094040884865,0.757723614151451,0.0010440440862401522
d2_n12_h4p5,2.0,12,4.5,True,0.01280691602915916,0.001860577881257765,0.0024605246227280522,0.0014527915050130313,0.7808281070346451,0.0011557532750926937
d2p4_n4_h1p5,2.4,4,1.5,True,0.013717474668165766,0.003808972656888594,0.004313245079331401,0.002776730228434904,0.7289971544986386,0.0008768635245112821
d2p4_n4_h3,2.4,4,3.0,True,0.013345126320990905,0.003418690530753276,0.003862697414309152,0.002561752094752319,0.749337230646572,0.0010259328847877813
d2p4_n4_h4p5,2.4,4,4.5,True,0.012953743543314402,0.0031926293809304844,0.003618646867013555,0.002464638403759539,0.7719776114574333,0.0011390866065970932
d2p4_n6_h1p5,2.4,6,1.5,True,0.01363187759853587,0.003656308740549798,0.0038378091317023385,0.002682175448041364,0.7335746618700603,0.0008726911339631343
d2p4_n6_h3,2.4,6,3.0,True,0.01325896628408443,0.003257231110572794,0.0034786876741822945,0.002456625230643096,0.7542066090026662,0.0010365316554050914
d2p4_n6_h4p5,2.4,6,4.5,True,0.012867073203281997,0.00302358633192234,0.003263448885904978,0.00234986331713036,0.7771775167525514,0.0011589075593671557
diameter_2p4,2.4,12,1.5,True,0.013517868702841069,0.001388334055814901,0.002066346653158565,0.001027036203956555,0.7397615866692274,0.000757236170831314
d2p4_n12_h3,2.4,12,3.0,True,0.013158881125205557,0.0017820478785519405,0.002358199583141547,0.0013542548652852146,0.7599430304788766,0.001029005657642512
d2p4_n12_h4p5,2.4,12,4.5,True,0.012768280925521305,0.001810814749703869,0.0023846675289720927,0.0014182134308185555,0.7831907880419477,0.0011743959404881658
no_plate,1.6,0,1.5,True,0.013323582428589893,0.0008095127333614604,0.0012499226524736622,0.0006075788833072394,0.7505488898047336,0.0009284125025530584
