duration_s,noise_V,timestamp_jitter_us,max_relative_amplitude_error,residual_rms_V
0.5,0.0001,0,0.0005874969199268776,9.944380559628173e-05
0.5,0.0001,1,0.0007540497183395889,9.855035354215048e-05
0.5,0.0001,10,0.00010538305512008961,9.963762670642219e-05
0.5,0.0001,50,0.0002481103740277213,0.0001019143422377283
0.5,0.001,0,0.001700638938804122,0.0009817778168932883
0.5,0.001,1,0.004290439995108697,0.0010028049507107791
0.5,0.001,10,0.0022420835830677666,0.0009832968242665953
0.5,0.001,50,0.0018774663201789332,0.0010080263207896815
0.5,0.01,0,0.008160274373006926,0.010306038715817542
0.5,0.01,1,0.008462832743801219,0.009773288270925098
0.5,0.01,10,0.03353941041910047,0.009660128802189513
0.5,0.01,50,0.012632641386373433,0.009899659577902953
1,0.0001,0,0.0001559301906435273,9.907007059663756e-05
1,0.0001,1,0.00014360725522366558,9.863555588708878e-05
1,0.0001,10,0.00015628373970111298,9.929374249175357e-05
1,0.0001,50,0.0005212948524492278,9.962963716005374e-05
1,0.001,0,0.000978224207128342,0.001018673009882755
1,0.001,1,0.0011529716778244659,0.0010111352525020547
1,0.001,10,0.0012864606259024303,0.0009891064023609313
1,0.001,50,0.0031635139352441666,0.0009776810928747025
1,0.01,0,0.03592892479903198,0.009890850477592389
1,0.01,1,0.04174299530143932,0.009910236802291061
1,0.01,10,0.031858027055119975,0.0101777770582076
1,0.01,50,0.058249126150168196,0.009629577246951607
2,0.0001,0,8.037166877095103e-05,0.0001004571176932563
2,0.0001,1,0.00012465978962517,0.00010055576308411337
2,0.0001,10,5.671922742611635e-05,9.947997613850586e-05
2,0.0001,50,6.873897608739021e-05,0.00010010366029824273
2,0.001,0,0.0009802585365302763,0.0010017547929951683
2,0.001,1,0.0004921610429405865,0.0009816125805494286
2,0.001,10,0.0014033003762873308,0.0009834412798765749
2,0.001,50,0.0027350039087870037,0.0009973966900432
2,0.01,0,0.020368735350180467,0.010005141408437298
2,0.01,1,0.010755892238297982,0.009999447647616242
2,0.01,10,0.011311060356190783,0.010021549796138968
2,0.01,50,0.015865405976726143,0.010038223905216633
4,0.0001,0,0.0002042813256812881,0.00010058611508370544
4,0.0001,1,0.0001404787765638682,0.00010040129998012883
4,0.0001,10,4.09952407358638e-05,0.00010000970030044049
4,0.0001,50,0.00016135541919715113,0.00010016036096026534
4,0.001,0,0.0016009027161869582,0.0009926979639767047
4,0.001,1,0.00019822184576590018,0.0009985277151169077
4,0.001,10,0.0014521436764114437,0.0010022818888482201
4,0.001,50,0.0007678824491264002,0.0009998022111660637
4,0.01,0,0.018534306345747154,0.0100548065618469
4,0.01,1,0.0040410869304432495,0.009991087981010933
4,0.01,10,0.012916228300176136,0.009988700640506654
4,0.01,50,0.018295675699777636,0.009969427771472337
