step,velocity_relative_change_over_200_steps,mass_flux_imbalance,max_Mach,Q_in_mL_min
200,1,0.036674846580082764,0.00015143716400934859,0.0042449254310247117
400,0.04498793510259385,0.043340945359501809,0.0001460501922329183,0.0043089937422943229
600,0.0050451520532623058,0.041895384099403118,0.00014590094037419715,0.00430789116151587
800,0.001014441834141994,0.040489801434131063,0.00014576218121395263,0.0043053469119085867
1000,0.00072081017172575472,0.039096842023103061,0.000145652125372923,0.0043024142598873357
1200,0.00069299100672579148,0.037749924199337433,0.00014554920334830241,0.00429955786152541
1400,0.00066531961119001878,0.036448382174406956,0.00014545107159041868,0.0042967977203632194
1600,0.00064082013814874066,0.0351906648168987,0.00014535765293808366,0.0042941328881398455
1800,0.00061762257015492519,0.03397542523313183,0.00014526839278637416,0.0042915606177554516
2000,0.00059550835769597171,0.03280131126726557,0.00014518290076637424,0.0042890778910769211
2200,0.00057430923071709046,0.031667015904638288,0.00014510086330538766,0.0042866817819405666
2400,0.0005539367089676579,0.030571263009019044,0.00014502209842992818,0.0042843694154956558
2600,0.00053433087420669159,0.029512807412194121,0.00014494641008161045,0.0042821379757273055
2800,0.00051544725619372036,0.028490435226787143,0.00014487354053993462,0.0042799847107983817
3000,0.00049724993050141752,0.027502964620744228,0.00014480339325162656,0.0042779069392740975
3200,0.00047970816766516986,0.026549246415754447,0.00014473589635051625,0.004275902054834569
3400,0.00046279462584436466,0.025628164346521872,0.00014467083012132089,0.0042739675290247633
3600,0.00044648433247472058,0.024738635034176656,0.00014460812429204138,0.0042721009125640513
3800,0.00043075408163055089,0.023879607719123046,0.00014454777313620856,0.0042702998354333648
4000,0.00041558206168629952,0.023050063824934477,0.00014448956810489373,0.0042685620061763416
4200,0.00040094761558094339,0.022249016379746762,0.00014443342867300816,0.00426688521053167
4400,0.00038683107766919207,0.021475509373868714,0.00014437927852118757,0.0042652673097628756
4600,0.00037321366005493509,0.020728617024125418,0.00014432704497555608,0.0042637062386710689
4800,0.000360077368822052,0.0200074430345556,0.00014427665859595811,0.0042622000034962578
5000,0.00034740493923464454,0.019311119824202531,0.00014422805286380124,0.0042607466797482986
5200,0.00033517978472201394,0.018638807751923014,0.00014418116394309487,0.0042593444100078749
5400,0.00032338595583458231,0.017989694322252569,0.00014413593049047134,0.0042579914017268983
5600,0.00031200810432521693,0.017362993428577563,0.00014409229349859621,0.0042566859250623406
5800,0.0003010314520165693,0.016757944575937312,0.00014405019617015025,0.00425542631075141
6000,0.00029044176597878545,0.016173812133646218,0.00014400958380372673,0.0042542109480498561
6200,0.00028022533133134522,0.015609884585375636,0.00014397040369868672,0.0042530382826745771
6400,0.00027036893173071363,0.015065473814020028,0.00014393260506630952,0.00425190681487917
6600,0.00026085982714893615,0.014539914394024559,0.00014389613895112209,0.00425081509757781
6800,0.00025168573585776743,0.01403256288311454,0.00014386095815762266,0.0042497617344608909
7000,0.00024283481644588891,0.013542797155778353,0.00014382701718104642,0.0042487453782365965
7200,0.00023429565061889481,0.013070015747160721,0.00014379427214359744,0.0042477647289350965
7400,0.0002260572277228277,0.012613637199706294,0.0001437626807328604,0.0042468185322283476
7600,0.00021810892938777321,0.012173099447277706,0.00014373220214432305,0.00424590557783725
7800,0.0002104405148179019,0.011747859197027444,0.00014370279702575909,0.0042450246980126789
8000,0.00020304210705543354,0.011337391332942558,0.00014367442742465835,0.0042441747659662616
8200,0.00019590418051224637,0.010941188357322249,0.00014364705673613684,0.0042433546945584676
8400,0.00018901754683640898,0.010558759804198705,0.00014362068809321458,0.0042425634347650438
8600,0.00018237334415271842,0.010189631717413479,0.00014359528113278916,0.0042417999744605557
8800,0.00017596302435325068,0.0098333461028337846,0.00014357076845907048,0.0042410633370362841
9000,0.00016977834180186205,0.0094894604284718881,0.00014354711847089981,0.0042403525802171714
9200,0.00016381134357895197,0.0091575471099433273,0.00014352430068821,0.0042396667947979562
9400,0.00015805435761819165,0.0088371930398667559,0.00014350228571176292,0.0042390051035388968
9600,0.00015249998351839434,0.0085279991035010442,0.00014348104518497367,0.0042383666599883074
9800,0.00014714108309191168,0.00822957973359388,0.00014346055175548674,0.0042377506474383618
10000,0.00014197076980548108,0.0079415624668079,0.00014344077904104285,0.0042371562778991513
10200,0.00013698240123389004,0.0076635874942351627,0.00014342170159373005,0.0042365827909934366
10400,0.00013216956894573646,0.0073953072847631881,0.00014340329486675193,0.0042360294531336665
10600,0.00012752609203099793,0.0071363861313706789,0.00014338553518273398,0.004235495556443509
10800,0.00012304600695688963,0.00688649979419308,0.00014336839970312945,0.0042349804179323113
11000,0.00011872356151263779,0.0066453351181192978,0.0001433518663972232,0.0042344833786232758
11200,0.00011455320648060734,0.00641258964658626,0.00014333591401444545,0.0042340038026380637
11400,0.0001105295882695452,0.0061879712870954885,0.00014332052205617583,0.00423354107649641
11600,0.00010664754259392918,0.0059711979493976665,0.0001433056707490905,0.004233094608224108
11800,0.0001029020877059322,0.0057619972184602686,0.00014329134101961522,0.004232663826655529
12000,9.9288416467727372E-05,0.005560106031214259,0.00014327751446881746,0.0042322481806922434
12200,9.580189319792361E-05,0.0053652703626477314,0.00014326417334833749,0.0042318471386044547
12400,9.243804428780549E-05,0.0051772449147843144,0.000143251300537744,0.00423146018732034
12600,8.919255513937297E-05,0.0049957928401687113,0.00014323887952143793,0.0042310868318111436
12800,8.6061262104844544E-05,0.0048206854374784171,0.00014322689436844171,0.0042307265944225491
13000,8.3040149334776727E-05,0.0046517018957708215,0.00014321532971060144,0.0042303790143038127
13200,8.01253424391418E-05,0.0044886290091781227,0.00014320417072282021,0.0042300436467702807
13400,7.7313103226511116E-05,0.0043312609296279232,0.00014319340310406617,0.0042297200627591331
13600,7.4599825850778492E-05,0.0041793989194518445,0.00014318301305872981,0.0042294078482979234
13800,7.1982031227703789E-05,0.0040328511072775519,0.00014317298727838251,0.0042291066039494823
14000,6.94563633664238E-05,0.003891432251578608,0.00014316331292532698,0.0042288159442998713
14200,6.7019584201634839E-05,0.0037549635204381718,0.00014315397761480102,0.0042285354974983891
14400,6.4668569950916132E-05,0.0036232722701650152,0.00014314496939993296,0.0042282649047244766
14600,6.2400306856287069E-05,0.0034961918337329677,0.00014313627675506383,0.0042280038197915655
14800,6.0211887718328266E-05,0.0033735613184478425,0.00014312788856248642,0.0042277519086543159
15000,5.8100507330861054E-05,0.0032552254156189885,0.00014311979409631486,0.0042275088490223945
15200,5.6063459464984995E-05,0.0031410341889686029,0.00014311198300978836,0.0042272743299148607
15400,5.409813374343623E-05,0.0030308429158028716,0.00014310444532131505,0.0042270480512708129
15600,5.2202011386751953E-05,0.0029245118920469006,0.00014309717140148238,0.0042268297235946127
15800,5.0372662462561341E-05,0.002821906264059427,0.00014309015196092078,0.0042266190675273735
16000,4.8607742875832095E-05,0.0027228958618353083,0.00014308337803824514,0.0042264158135569439
16200,4.6904990334730018E-05,0.0026273550429717256,0.00014307684098808739,0.004226219701607214
16400,4.5262223521143653E-05,0.0025351625335865761,0.00014307053247008915,0.004226030480772751
16600,4.3677337279581572E-05,0.0024462012734583157,0.00014306444443845995,0.0042258479089501656
16800,4.2148300566021145E-05,0.0023603582779240175,0.00014305856913085643,0.0042256717525220588
17000,4.0673154399264643E-05,0.002277524489977411,0.00014305289905933949,0.0042255017860902792
17200,3.9250008261154658E-05,0.0021975946601281624,0.00014304742699963272,0.0042253377922011112
17400,3.78770387465949E-05,0.0021204671917324546,0.00014304214598218244,0.0042251795610017181
17600,3.65524865337333E-05,0.002046044037992537,0.00014303704928381758,0.0042250268900357732
17800,3.5274654278145817E-05,0.0019742305620380723,0.00014303213041788517,0.0042248795839430874
18000,3.4041904829908971E-05,0.001904935428159812,0.00014302738312710683,0.0042247374542496727
18200,3.2852658489766935E-05,0.0018380704853070279,0.00014302280137392366,0.0042246003190763055
18400,3.1705391238924771E-05,0.0017735506557212352,0.000143018379334566,0.0042244680029553585
18600,3.0598632788508788E-05,0.0017112938296508374,0.00014301411138976567,0.00422434033656656
18800,2.9530964465671922E-05,0.0016512207666055955,0.00014300999211932982,0.0042242171565590909
19000,2.8501018357430885E-05,0.0015932549864169929,0.00014300601629312377,0.0042240983052895522
19200,2.7507474202363241E-05,0.0015373226854622335,0.00014300217886607157,0.0042239836306962692
19400,2.6549058782634135E-05,0.0014833526279189556,0.00014299847497048436,0.0042238729860134029
19600,2.5624543348063259E-05,0.0014312760741993376,0.00014299489991051443,0.0042237662296671277
19800,2.4732742711506733E-05,0.0013810266847876077,0.00014299144915557051,0.0042236632250411237
20000,2.3872513651441609E-05,0.0013325404312941199,0.00014298811833488094,0.0042235638403182729
20200,2.3042753105785711E-05,0.0012857555338504363,0.00014298490323151513,0.0042234679483174331
20400,2.22423968893986E-05,0.001240612361836432,0.00014298179977751118,0.004223375426323654
20600,2.1470418769362563E-05,0.0011970533788787522,0.00014297880404783212,0.0042232861559343858
20800,2.0725828563760942E-05,0.0011550230489878472,0.00014297591225545704,0.0042232000228935107
21000,2.0007670859299671E-05,0.0011144677917709768,0.00014297312074778218,0.0042231169169989324
21200,1.9315024529092991E-05,0.0010753358897434171,0.00014297042599957404,0.0042230367318685843
21400,1.8647000642066129E-05,0.0010375774415100091,0.00014296782461114814,0.0042229593648968307
21600,1.8002741918855617E-05,0.0010011442876775264,0.00014296531330136423,0.0042228847170577323
