radial_r_mm,z_above_PCB_mm,eta,eta_SE,detected_packets,Phi_ex_uW_mm2,Phi_em_uW_mm2,Phi_em_SE,J_uW_mm2,J_SE_first_order
2.0,3.75,0.010427387553113756,0.00052512003593092,855,1.7716480132859553,0.03425625629482363,0.0009132668271511538,0.0003572032605049187,2.035383719096584e-05
2.0,4.25,0.007385855671035577,0.00044354310983194125,656,3.248947344920895,0.024728150390900674,0.0004566288484740238,0.00018263854979885436,1.1474817444370857e-05
2.0,4.75,0.004757117477895038,0.0003568813047501619,432,3.3384174914885336,0.020771916848437346,0.001213330373061123,9.881444868908371e-05,9.395192805024015e-06
2.0,5.25,0.002797996651065432,0.0002729256731988211,383,4.519499030193793,0.016935813509624243,0.00028329995870969544,4.7386349482997334e-05,4.6896941771317176e-06
2.0,5.75,0.0030495308270605155,0.0002851233504070099,327,6.038315125683134,0.016729510331001268,0.0003527779454079413,5.101715747601574e-05,4.889786649767518e-06
2.0,6.25,0.0019139103555641987,0.00022473502687776135,279,4.706647700181579,0.014967731074714904,0.0006403863560669179,2.864689550319691e-05,3.5801075816586987e-06
2.0,6.75,0.0016422064523842488,0.00020883412400936007,245,4.258142815904951,0.014254290984189184,0.0012653842756849096,2.3408488628398102e-05,3.6303456641082816e-06
2.0,7.25,0.0015351421561997326,0.0002016790757013516,238,4.1819007364840415,0.014615275458333141,0.0001856143168846034,2.2436525480558572e-05,2.961336019676646e-06
2.0,7.75,0.001123410025396189,0.00017177382708840122,213,5.202029853373288,0.01248259738945665,0.000987882994388767,1.40230750502999e-05,2.4143682066214886e-06
2.0,8.25,0.0008537741428850578,0.00014926506446037393,183,4.219885472261691,0.013160123831757636,0.0002515813140178433,1.1235773444720098e-05,1.976055258144798e-06
2.0,8.75,0.000661990631397153,0.00013114572163204263,179,4.344411871353837,0.011980061625946286,0.0005904493744481545,7.930688559936985e-06,1.619025134868156e-06
2.0,9.25,0.0005794045389043151,0.00012224782794585486,168,4.408105259289581,0.012736467865201469,0.00019192288461507124,7.379567290706684e-06,1.5609714563866106e-06
2.0,9.75,0.0006677236376275742,0.00013041050625101978,176,3.7999938405041234,0.013203849932259246,0.00010699413353624861,8.816522707456742e-06,1.723402192184446e-06
2.0,10.25,0.0010052674601785615,0.00016153721728261823,192,4.003534976039844,0.011633586103467394,0.0008156620787156233,1.1694865555001274e-05,2.050351034289149e-06
2.0,10.75,0.0011780713482262,0.00017486123699794813,245,3.2913086333027315,0.011911551836607942,0.0003539540265838034,1.4032657931618987e-05,2.124197937544271e-06
2.0,11.25,0.0009817797866213292,0.00015861897284314498,221,3.5043837397263187,0.011232427794490305,0.00013115428559427671,1.1027770563314179e-05,1.786323113451465e-06
2.0,11.75,0.0009619143064960656,0.00015687759597526017,231,4.182230582125953,0.011030902084127095,0.00010746961059906297,1.0610782528279119e-05,1.73358640081582e-06
2.0,12.25,0.0008999934048290123,0.0001508403672684394,230,3.186020512805401,0.011543859721356681,0.0004268363138868314,1.0389397615492293e-05,1.7831509466620997e-06
2.0,12.75,0.0014706969192519802,0.0001963225214790245,192,3.6541413087158845,0.010766595052473689,0.0005228176812717528,1.5834398174506666e-05,2.249233364833108e-06
2.25,3.75,0.013979782159494301,0.000607396012683303,965,3.2208710663581397,0.03541999399199947,0.0006085162066668953,0.0004951638000987496,2.313478690708558e-05
2.25,4.25,0.007753448811066018,0.00045371248510427147,604,3.065578950854817,0.0250507374518054,0.0012987320419282765,0.00019422961051202754,1.518486234489731e-05
2.25,4.75,0.006373199608248285,0.0004122543828114038,510,3.37818253932058,0.0205246724403997,0.000795671849384208,0.00013080783435657974,9.86457544036122e-06
2.25,5.25,0.003957155711019964,0.00032568261111880627,361,5.776719715956958,0.017849414122931607,0.0008547028010422876,7.06329110349192e-05,6.725550286901103e-06
2.25,5.75,0.0026497117959882795,0.00026538438120817984,321,5.41100350947993,0.01568383130919734,0.0006484032992697582,4.1557632826270493e-05,4.502896770111801e-06
2.25,6.25,0.0018093918756064233,0.00021920333544564935,250,4.861897700477848,0.016044606758659458,0.00028307584122270357,2.903098111641833e-05,3.554131839996221e-06
2.25,6.75,0.001885552370022262,0.0002235054082529999,268,4.659748591762539,0.015327749767446913,0.0012640943951948203,2.89012749011177e-05,4.173427204469722e-06
2.25,7.25,0.001239076996424093,0.00018055668154647858,246,3.960874111323839,0.014707877361375849,0.00026630214697299524,1.82241925047075e-05,2.6760269387542544e-06
2.25,7.75,0.00122897527606056,0.00017959049685774343,215,5.119944185845185,0.014092392624685908,0.0002357447026301085,1.7319202116277163e-05,2.5473891591357744e-06
2.25,8.25,0.000799739531073867,0.00014417136862477557,188,4.974084475279606,0.013554959730906068,0.001111178535659858,1.084043713891997e-05,2.1467993606308584e-06
2.25,8.75,0.0008026203342134744,0.00014381394960192985,207,5.675486617445325,0.011856636330214096,0.0004084244004477856,9.51637741400406e-06,1.7363740139949328e-06
2.25,9.25,0.00074121808589383,0.00013865945362138618,198,4.448028071478819,0.013540527006656965,0.0007223695034332743,1.0036483509867987e-05,1.95237752752237e-06
2.25,9.75,0.000717226598216519,0.00013587442537678205,178,3.4046730483631253,0.011709257018917013,0.0006887212564582852,8.398190579320747e-06,1.6659082211180921e-06
2.25,10.25,0.0012443251691124449,0.0001803065204902357,218,3.7723116192845203,0.011281481667083539,0.00040387889965405767,1.403783158323267e-05,2.0952867425981057e-06
2.25,10.75,0.001299993153316277,0.0001839586184034845,219,3.557398915690527,0.012377082582750646,0.0006172271167318141,1.6090122615605983e-05,2.4141195004795794e-06
2.25,11.25,0.0009832038396922465,0.00015970889421803257,203,4.366658364082151,0.011567425883594698,0.0002802258157555941,1.1373137544105785e-05,1.8678528780114749e-06
2.25,11.75,0.0007926567226467276,0.00014216073915633502,207,3.1675933545276425,0.011131466036438442,0.0005977194238712729,8.823431386696655e-06,1.6518610791712978e-06
2.25,12.25,0.0010143440071730256,0.0001613586980792908,222,2.523143431883731,0.011647308615346916,0.0007383998168247138,1.1814377693671895e-05,2.0231441005496376e-06
2.25,12.75,0.001196175496014631,0.00017617621349119011,191,3.0212635811996926,0.01191179448482172,0.0004939380784703458,1.4248596676305967e-05,2.1801615335169264e-06
2.5,3.75,0.012360136745784896,0.0005714310660911136,845,3.7707582224000062,0.040721590196099285,0.0008987806891678039,0.0005033244233296007,2.578535386058866e-05
2.5,4.25,0.00846535857888515,0.0004734575009384509,636,3.9398197864018782,0.025402604959095545,0.0011216318652029868,0.00021504215981650994,1.5323359688367116e-05
2.5,4.75,0.006436798422121538,0.00041427392330980496,490,3.17071975406157,0.021266764513444777,0.0013522947710739057,0.00013688987626377165,1.2384999646380534e-05
2.5,5.25,0.004299774437495744,0.00033889290945861576,406,3.6823215791444297,0.017095765732455647,0.00012731711277206873,7.350793648582849e-05,5.819439612947671e-06
2.5,5.75,0.0028736975771563263,0.00027703293276370625,308,4.817561218682283,0.016533065445626775,0.001090580920399992,4.751103011406464e-05,5.549794547101221e-06
2.5,6.25,0.0021079983101638467,0.00023670774548494657,268,3.523287242262247,0.014318672107131053,0.0004151109333238739,3.0183736605622468e-05,3.500478204817597e-06
2.5,6.75,0.0016673126562168049,0.00021055338517705368,230,3.456826735381604,0.013173779910516327,0.0003725017016451956,2.196480997501856e-05,2.8424661522359295e-06
2.5,7.25,0.00151036970582635,0.00019966351153777792,248,3.7184505672530768,0.013975472996720842,0.0004929328272363024,2.1108131038841357e-05,2.8880069142054114e-06
2.5,7.75,0.0013232219918159266,0.00018574172125708504,203,4.361393085222048,0.01207000597920744,0.000668452358185138,1.5971297353037013e-05,2.4100812436415943e-06
2.5,8.25,0.0008968435074365796,0.00015270453619221008,201,5.107442491773123,0.01247098642713567,0.0006082151425359556,1.1184523208506332e-05,1.980956933574771e-06
2.5,8.75,0.0007423988559635501,0.00013828566612194637,188,4.378725550186599,0.013005587828089242,0.0002508524067501576,9.655333524706925e-06,1.8081028189641386e-06
2.5,9.25,0.0009001136735556134,0.00015285568557952859,179,4.268890171489387,0.011971778708275663,0.0003990334194694291,1.0775961712100883e-05,1.8648700369219224e-06
2.5,9.75,0.001163939115757716,0.00017435461090259958,192,2.662854727386297,0.011609942361520279,0.0005006748839211083,1.3513266046265963e-05,2.1064613297140393e-06
2.5,10.25,0.0012734006699027184,0.00018204252371229444,205,3.7923572625402837,0.011921398106999237,0.0009227499589681361,1.5180716335629828e-05,2.4678878792080867e-06
2.5,10.75,0.0015447084948298705,0.0002010566942339465,211,3.4984138929722324,0.012440541314628323,0.0007141414219816319,1.9217009848988337e-05,2.73371371886487e-06
2.5,11.25,0.001003686222976421,0.00016099528017743508,180,2.7688345894775086,0.013128344603124195,0.001577997987597035,1.3176738608642603e-05,2.6411703509831067e-06
2.5,11.75,0.0009844789758639183,0.00015964088667979608,206,2.788575945306189,0.011816102657088772,0.0003122785662149662,1.1632704642553678e-05,1.911221291166577e-06
2.5,12.25,0.0011027778383840441,0.0001695767558831915,189,2.053114139592289,0.012011039879553452,0.00036740865226134157,1.3245508595118505e-05,2.0767015369950524e-06
2.5,12.75,0.0013088632528842836,0.000185086320788289,175,2.5211699121209294,0.012943894496856637,0.0007281610148765015,1.6941787856146753e-05,2.578350073737497e-06
2.75,3.75,0.010680037210147776,0.0005305917074598712,788,3.72999533437276,0.04465826327758263,0.0006112528505417896,0.00047695191354515845,2.4578138178605572e-05
2.75,4.25,0.009074010714622282,0.0004900380568779349,599,3.8150582206574453,0.028956386058940884,0.0009286914790672002,0.00026275055735556883,1.6503395561278842e-05
2.75,4.75,0.007287561774944416,0.0004399222577494676,533,4.11440924507376,0.02068333741861947,0.00037172824447452747,0.00015073109915020875,9.493763347637783e-06
2.75,5.25,0.005415776900361381,0.0003803579821998487,427,3.672209631418852,0.01893622556181644,0.0010290969252559714,0.00010255437297771819,9.10708418961335e-06
2.75,5.75,0.002952126367327207,0.00028059419880440773,325,4.4824830025377596,0.01578958405180071,0.0005653546505051532,4.661284740845003e-05,4.734404055444611e-06
2.75,6.25,0.0019355751392559138,0.00022730128245268056,250,4.534610525336681,0.014825358483413044,0.0003277672642077371,2.8695595311051047e-05,3.429022227547601e-06
2.75,6.75,0.001896508325790836,0.00022380399475486142,291,4.685485449278218,0.014742277541091448,0.000362995488820192,2.7958852097799183e-05,3.3704361643341078e-06
2.75,7.25,0.0019332526561680096,0.0002264921313763165,250,3.9962325238897605,0.014921396994831271,0.0007020883660066895,2.884683037399491e-05,3.641957730096172e-06
2.75,7.75,0.0016386085282053468,0.00020803275095682423,237,4.014683075861433,0.013147004007587679,0.0006921297125703906,2.1542792887183042e-05,2.9608302210528573e-06
2.75,8.25,0.0015299703892851704,0.00020010576211834162,225,3.9748562776411425,0.013332243175965972,0.0002856070788950637,2.0397937281977215e-05,2.70340767399009e-06
2.75,8.75,0.0014725081249278185,0.00019696024105641217,224,3.6178851542445734,0.013522494043610047,0.0006738657149755644,1.9911982348503825e-05,2.8422299556375537e-06
2.75,9.25,0.0017119406645578548,0.00021161207121610275,221,3.6723099008904576,0.013374340890337956,0.00026709727204866083,2.289607803182845e-05,2.8668720346072295e-06
2.75,9.75,0.0012693362417098457,0.00018175505588916824,192,3.5536208147687716,0.01209002043126207,0.0004735229667294859,1.5346301096413442e-05,2.2781435195355402e-06
2.75,10.25,0.0012774745779082297,0.0001826586899394945,206,3.5117987114085487,0.012602567757158336,0.00025983235899800145,1.6099459926135713e-05,2.325776443747565e-06
2.75,10.75,0.0014158695820400869,0.00019198760733394829,238,2.8557846214510896,0.011748189179241135,0.0006082898403622178,1.6633903702940017e-05,2.4143483220326032e-06
2.75,11.25,0.0012109065878979396,0.00017675811472936124,207,2.706159069758103,0.011471294656626295,2.9264086154042152e-05,1.3890666271427213e-05,2.0279540421873275e-06
2.75,11.75,0.0015641197523263428,0.00020162910896407246,226,2.4693817494730514,0.011855584205048952,0.00016984135123995553,1.854355343048527e-05,2.405146749700139e-06
2.75,12.25,0.001209989659196824,0.00017787004057887254,175,2.5200160678994123,0.012189589251859515,0.00031894233924734615,1.4749276944606762e-05,2.2022401148739024e-06
2.75,12.75,0.0012576024091998116,0.00018092808927043836,162,3.0622819222568545,0.012039346528036421,0.0013877892601924992,1.514071119884999e-05,2.791205145283132e-06
3.0,3.75,0.007339046483029494,0.00043994956993120534,553,4.771632709649496,0.05718297764782029,0.0007538702966868321,0.0004196685309953897,2.575882016887168e-05
3.0,4.25,0.008467791532111668,0.00047318627077044947,606,4.5608333348297,0.028448668842006235,0.0004063817154609315,0.00024089739712018944,1.389438951256343e-05
3.0,4.75,0.007062943866922879,0.00043301786628376353,502,3.9597214193388126,0.02062505495818728,0.00014845292285478045,0.00014567360542187618,8.992355243664198e-06
3.0,5.25,0.0060478448051749165,0.00040143683698130097,429,3.386020443107783,0.018601480242071446,0.0007489225129400501,0.00011249886565057564,8.733614686252937e-06
3.0,5.75,0.00409343706998705,0.00033049221405832504,321,3.4724523649107453,0.01644360781233804,0.0006971648081134218,6.731087378335319e-05,6.138224186262954e-06
3.0,6.25,0.002922241787711134,0.0002792024202494403,301,3.4021409440231842,0.01633463837370329,0.00038354252116345826,4.773376284278559e-05,4.696372812713206e-06
3.0,6.75,0.0022398363866408663,0.00024386951478691583,267,3.876083988447101,0.015012988899525676,0.00018625124344506968,3.3626638809393024e-05,3.6849007766522924e-06
3.0,7.25,0.002084613614502788,0.00023493724790222753,243,4.056528712491661,0.013801353374693256,6.714861802362876e-05,2.8770489143449558e-05,3.245472066778848e-06
3.0,7.75,0.001491836691816935,0.00019855123677248355,205,3.099307257416514,0.014531335073299982,0.0003594064415425208,2.1678378843435245e-05,2.934611968074164e-06
3.0,8.25,0.001687680992862272,0.00021089648606103224,226,3.0101053732783174,0.012896717885477966,0.0006640963580269985,2.1765545645628075e-05,2.9417444509484163e-06
3.0,8.75,0.001708716456116841,0.000211827969103545,228,3.7812945623031813,0.01258096991476725,0.0005521289473192583,2.1497310327273692e-05,2.827064830997447e-06
3.0,9.25,0.00202144026654133,0.00023048045096254598,238,3.6309141589426424,0.012684801533475738,0.0001804171636659852,2.564156859285307e-05,2.9462582611257558e-06
3.0,9.75,0.0015178246984798298,0.0001994114665685022,220,3.1026079545727376,0.011427888441935305,0.0002163515340787649,1.7345531328641587e-05,2.302390554668413e-06
3.0,10.25,0.0014338609152787251,0.0001930206091362949,209,3.1353987968724897,0.011226284367528783,0.0005653038934967771,1.6096930378404065e-05,2.3135455762396833e-06
3.0,10.75,0.0018316728697240637,0.00021913509978128197,217,2.8144807876605,0.010961127713790245,8.733323484252844e-05,2.0077200254930142e-05,2.407288615889437e-06
3.0,11.25,0.0016741486841367437,0.00020919238774979045,233,2.044010787676069,0.011701810820116601,0.00021589385481140226,1.9590571186515316e-05,2.4744691895312473e-06
3.0,11.75,0.0017448110903289164,0.00021342730179329023,232,2.2501063671097676,0.011037941010400286,0.0002593445917493411,1.9259121889342782e-05,2.3988636761689805e-06
3.0,12.25,0.001419316704251409,0.0001924914264027215,212,2.545508019641422,0.011152054098464334,0.00016175083992708025,1.5828296668665818e-05,2.158915859388248e-06
3.0,12.75,0.0015710204668053385,0.00020160866739512878,209,1.9528260572554146,0.011782729546616674,0.0001778304306867995,1.8510909272566783e-05,2.3918722141700246e-06
3.25,3.75,0.005914053293727969,0.0003941185857015149,479,4.7510450091097525,0.05981450599936344,0.0020552765909590577,0.00035374617621824675,2.652316485515099e-05
3.25,4.25,0.0074049572123026436,0.00044182899959726543,537,4.127271979281847,0.028941260393627183,0.000794131058807518,0.00021430879488491846,1.4074444201940263e-05
3.25,4.75,0.005302923064094471,0.0003745023938795517,417,3.7096630136334166,0.021826707915470547,0.0010979028518682246,0.00011574535281820213,1.0035615689261523e-05
3.25,5.25,0.0052969554458233755,0.000375408391569915,406,3.462825467111933,0.018468584531387847,0.0002504964092460648,9.782726941018421e-05,7.059086069564702e-06
3.25,5.75,0.004214453978173393,0.0003355910628626703,320,3.2540774343650942,0.017328246510730217,0.0004269821087652457,7.302909744191618e-05,6.0872648001833135e-06
3.25,6.25,0.0028246108943732274,0.00027447734659348744,275,3.8669338875142025,0.01707263405749937,0.0005264343589219421,4.822354815446012e-05,4.916316013315408e-06
3.25,6.75,0.0024543574796813,0.00025562531298798145,264,3.8342159162875826,0.016188506045246336,0.00035851282035490614,3.973238089701629e-05,4.2307078824608634e-06
3.25,7.25,0.002324146066827266,0.00024780157677895,246,2.7152541543025457,0.014247562582462507,0.0009822574260764433,3.311341653790556e-05,4.20435376661715e-06
3.25,7.75,0.0017336795807691467,0.00021362180989398978,243,2.9939232923572305,0.014855681165370225,9.464311136473562e-05,2.575499109481916e-05,3.1777364407557352e-06
3.25,8.25,0.0023289021992890504,0.0002482068728867251,265,2.7528180347691653,0.012529081177177033,0.00041696132282363396,2.9179004708598637e-05,3.2578893427053797e-06
3.25,8.75,0.0016338324496226772,0.00020677705688898807,231,2.9364044479741835,0.012307197602702222,0.0004057116492955461,2.010789880721331e-05,2.629758826677649e-06
3.25,9.25,0.0016989441763904203,0.00021106392099918173,218,2.8573343437213707,0.012440408295506545,0.0002275498308896265,2.1135559225569918e-05,2.6540286177239657e-06
3.25,9.75,0.0019634701668570552,0.00022653120692005336,220,2.8518070707960086,0.011427994296914356,0.0005047901555765451,2.243852586900391e-05,2.7720445497530106e-06
3.25,10.25,0.0016769717943650186,0.00020939522147316925,227,2.3649361806279,0.011267488484049298,0.0006907547529094259,1.8895260381083334e-05,2.6283848354310786e-06
3.25,10.75,0.0014380656536359207,0.0001939990750751546,214,2.1322429397757117,0.011293448198410794,0.0005771220304841692,1.624071996525103e-05,2.342845119291125e-06
3.25,11.25,0.0014376015913176632,0.0001936162751315793,213,1.6068208599017002,0.01124069351404565,0.0003125343785795966,1.6159638883306162e-05,2.2222748662141833e-06
3.25,11.75,0.0012928527139597873,0.00018294288923593354,227,1.700327063990347,0.010952024298096039,0.00032941460300904183,1.4159354337146999e-05,2.048357990572429e-06
3.25,12.25,0.0013727608622997104,0.0001886782946469188,220,1.6589184763307905,0.011599043192129335,8.08164484774988e-05,1.592271253427905e-05,2.191297883992775e-06
3.25,12.75,0.0016354369400819462,0.00020688995032206413,210,2.4511693720179957,0.011318924524621429,0.0008321151760793325,1.8511387289565367e-05,2.7084806014863378e-06
3.5,3.75,0.004059339495601852,0.00032667853347482725,367,4.273596258817816,0.06116034415929015,0.0026041112371952405,0.0002482706006104085,2.2603909200554505e-05
3.5,4.25,0.006226038723245443,0.00040548725322311435,461,4.76723862429093,0.03022821600740107,0.0012631932235269182,0.00018820204339670683,1.4563352211984165e-05
3.5,4.75,0.00597516209077735,0.00039760342296081563,427,3.8853020169517483,0.022003164908025927,0.0006262964896566652,0.000131472476835559,9.515307399662343e-06
3.5,5.25,0.005642351899236012,0.0003869756960039303,372,3.297961704770685,0.0200593018780339,0.0005583761249418437,0.00011318164004887309,8.377458759346258e-06
3.5,5.75,0.004377854815540255,0.00034191148350037827,350,3.3183676872007566,0.01807366243325573,0.0003291636040165641,7.912387011787759e-05,6.345386921292335e-06
3.5,6.25,0.0032898186950582158,0.00029513954490762985,293,2.7999445766870132,0.016471595203767644,0.0004841455298651911,5.4188561838786036e-05,5.11568681435095e-06
3.5,6.75,0.0026429750030857167,0.0002657907767429152,249,3.2613740662976496,0.015473252570968085,0.000348195128388547,4.089541976150045e-05,4.214352956159801e-06
3.5,7.25,0.0022744246746817685,0.00024630662947643865,228,3.0843658477969833,0.014806581035268183,0.0006058911131689087,3.367645325428908e-05,3.898633407292216e-06
3.5,7.75,0.0020135213730346495,0.0002307675679419553,247,3.0911746718254136,0.013400877483134246,0.0007214769394072108,2.6982953229709586e-05,3.416700977867157e-06
3.5,8.25,0.0019710863837386185,0.00022711271218474593,244,2.3941193782627086,0.013156111831562673,0.0005585175504307752,2.593183289413572e-05,3.184276698191627e-06
3.5,8.75,0.0018572772048128735,0.00022035642167600057,223,2.368779584928569,0.011900811104951519,0.0006078103706352274,2.210310518401036e-05,2.8550727167421424e-06
3.5,9.25,0.0017787362861972729,0.00021606620830374283,216,2.4176489111246817,0.011799035350177874,0.0004198258338190038,2.0987372319485732e-05,2.656492328812015e-06
3.5,9.75,0.0016697267156267482,0.00020797972877364403,241,1.4962585282207004,0.011543249111941059,0.000779159391053447,1.9274071427342724e-05,2.7306070264923083e-06
3.5,10.25,0.0017802182210105758,0.00021588929321435035,235,1.594507519043902,0.010930745368724792,0.0005876253705586708,1.945911207463084e-05,2.5813039264231804e-06
3.5,10.75,0.0016423218925559941,0.00020669426063092046,256,2.066672660026832,0.010186194232470013,0.0006948333788039699,1.6729009789813103e-05,2.3947916902703116e-06
3.5,11.25,0.0015376028394086991,0.00020040642386288994,215,2.3360311644181997,0.010995414018460934,0.0007004866505286757,1.6906579815259746e-05,2.4526964784072204e-06
3.5,11.75,0.001557656122495654,0.00020139247528054853,243,1.5754289140190914,0.011385854730891737,0.0003783172853847476,1.773524633141962e-05,2.367535938313567e-06
3.5,12.25,0.0020302243678935374,0.00023041537830247212,210,2.047622760425948,0.011224742634568132,0.000679539422906912,2.2788746020033725e-05,2.9313082287333603e-06
3.5,12.75,0.0019952935549687415,0.00022765413146399536,212,2.3954334496152043,0.010962502873687427,0.00033781239055525247,2.1873411330194832e-05,2.5850797323613944e-06
3.75,3.75,0.002664260896487017,0.00026408852993092043,278,4.887956580198733,0.05950929399144469,0.0017306883659882785,0.00015854828495895587,1.6378195479966935e-05
3.75,4.25,0.004510780186753535,0.00034513246291002466,355,4.069828174547514,0.029963810066240253,0.000773332801528586,0.00013516016076644267,1.0913970789498567e-05
3.75,4.75,0.0046907864655031176,0.0003516853020430758,377,3.4421945932031393,0.023256676832913676,0.0005237674797741033,0.00010909210492041138,8.540071495679112e-06
3.75,5.25,0.004182428592876104,0.00033288804363219274,336,3.036231887158412,0.019281651369263648,9.02050804455681e-06,8.064413000467697e-05,6.418742079677191e-06
3.75,5.75,0.00464220777130116,0.00035119945399590506,344,2.7478619727852127,0.01644026875406969,0.00038598036447680135,7.631914337242195e-05,6.045450544598713e-06
3.75,6.25,0.004229558646155764,0.00033587570871258907,311,2.883543140777499,0.015240489645197862,0.00019063615014196358,6.446054475049401e-05,5.18202401345078e-06
3.75,6.75,0.003387747285943838,0.0003000784563020589,306,3.0171341574845165,0.014385983579954688,7.319613373172465e-05,4.873607682862411e-05,4.324039748110671e-06
3.75,7.25,0.002738390165859147,0.00026959297962991053,267,2.7488490047594643,0.01429751236175942,0.00024026726106968143,3.915216724769158e-05,3.910259786978836e-06
3.75,7.75,0.0026962540641932153,0.0002665370704817612,251,2.0464193281960994,0.012703603220994494,0.0002511512463914644,3.4252141814504425e-05,3.453031206860466e-06
3.75,8.25,0.00207771529395408,0.00023389777921734573,251,1.55471222196086,0.012213213955208286,0.0003988717559013019,2.537558142306966e-05,2.9744286836905125e-06
3.75,8.75,0.0021532450651364976,0.00023786210996864225,249,0.8732362043229146,0.011980026980319454,0.0002728750001407068,2.579593397557496e-05,2.9095400785622445e-06
3.75,9.25,0.00202368793575169,0.00023076477899187326,236,1.0629557402162442,0.012350075159052532,0.0004652346691942232,2.499269810500124e-05,3.0014477339064964e-06
3.75,9.75,0.002258699899788567,0.0002430814863803465,272,1.5057265383006164,0.01167073266943571,0.0005577952426445538,2.636068271091359e-05,3.104118416123773e-06
3.75,10.25,0.002009767663003971,0.00022901872183451685,249,1.4896333479038042,0.010584498582615265,0.0009488152042212722,2.1272382980451526e-05,3.084196939518171e-06
3.75,10.75,0.0015481404106701823,0.0002010924607582979,242,1.8162669803269413,0.010510110228537248,0.00041131735264432945,1.6271126365396537e-05,2.207347689820512e-06
3.75,11.25,0.0014908124551371818,0.00019752856943880837,224,2.3157503472801824,0.010082303725994632,0.00015726225767418678,1.5030823971188814e-05,2.0052954299208145e-06
3.75,11.75,0.0016824071635660283,0.0002090201433601882,219,2.305291300620602,0.010858068478657085,0.00017390031800566553,1.8267692190983164e-05,2.2883351823346882e-06
3.75,12.25,0.001807907414481353,0.00021654682697471565,197,2.0768762925312143,0.011524452128285859,0.00012179150235389631,2.0835142450563413e-05,2.50527839966562e-06
3.75,12.75,0.0015992999266880737,0.00020387914338591953,210,2.536582205929006,0.011273812044753322,0.00036916253045774194,1.803020677666911e-05,2.3731106122857954e-06
4.0,3.75,0.0013298322538538717,0.00018604589607364622,190,5.9545355327047025,0.06583978791788504,0.0031437261738507492,8.755587356010198e-05,1.2942994332629206e-05
4.0,4.25,0.0030755900646523737,0.0002842816995674189,276,4.546132214343602,0.031920850964733676,0.002097477290518266,9.817545208238403e-05,1.1133819968129457e-05
4.0,4.75,0.003979592159639748,0.00032376308594524487,325,5.340820545793657,0.022987725297350107,0.000953357097516004,9.148177136128679e-05,8.353812149898756e-06
4.0,5.25,0.004472198204650101,0.0003436469547202678,338,2.6618380147352396,0.018469543581685486,0.001158023016675828,8.259945964672063e-05,8.191796649717612e-06
4.0,5.75,0.003943735962898995,0.00032332620025594895,321,3.5729460024536865,0.01665073021872759,0.0012849049653154935,6.566608357212505e-05,7.393316412487129e-06
4.0,6.25,0.004009897762225025,0.00032620179000232915,333,2.5512611736348645,0.014384918220267976,0.0004998106018249085,5.768205138124255e-05,5.102476091041336e-06
4.0,6.75,0.0033200597269307224,0.0002963050490025644,282,2.2193914746167285,0.013790688571667256,0.0013241508924910813,4.578590973343622e-05,6.00204522068646e-06
4.0,7.25,0.002652415531038037,0.0002654199201881308,265,1.7862856854627045,0.012405498343636726,0.00033270085991927984,3.290453647692869e-05,3.408869193915265e-06
4.0,7.75,0.0024908151271034636,0.00025621005968148565,254,0.865112671575929,0.012569190176774473,9.330738025897975e-05,3.130752902775011e-05,3.2287285881792182e-06
4.0,8.25,0.0024037334552712607,0.00025215768480013097,276,1.0707234775869903,0.01074450084103954,0.0008298477517096691,2.5826916131796943e-05,3.3644184147628654e-06
4.0,8.75,0.0021039899292683807,0.00023483677817271863,261,0.9022330688320066,0.010177210798145549,0.0008312948316257045,2.1412749027339652e-05,2.961612296524647e-06
4.0,9.25,0.0020954505039573364,0.00023415759493163876,235,0.7173342385810134,0.010181204812997205,0.0004555308830167125,2.1334210756287852e-05,2.5680027061480543e-06
4.0,9.75,0.0021585416278581816,0.0002373634148363879,251,1.606477251263212,0.010675553705842588,0.00017834486582480135,2.3043627074496905e-05,2.5630611317332936e-06
4.0,10.25,0.0021361443549672873,0.00023676652423249,244,2.0424122538629113,0.00931182008402831,0.0005750476481833933,1.9891391906968087e-05,2.5238366717817123e-06
4.0,10.75,0.0019821119154904004,0.00022687501019404027,269,1.4198362918157195,0.009664053150850073,0.0006882833772540833,1.9155234902232477e-05,2.5823222302531296e-06
4.0,11.25,0.0017995591478792536,0.00021616251576286785,236,1.7071425553458583,0.009494428146032944,0.0005265183919083724,1.7085785024075845e-05,2.260498935894465e-06
4.0,11.75,0.00165840517105025,0.00020767356730146542,190,1.8453224998447084,0.009023633302144986,0.0004854499425888703,1.4964840129938488e-05,2.0395847731955203e-06
4.0,12.25,0.0017412839737450934,0.00021239178774358624,210,1.5586787085161167,0.009215940194400835,0.0005703291784057574,1.6047568963503414e-05,2.1949107776635626e-06
4.0,12.75,0.002378350630213516,0.0002487641672079455,217,2.4902016288828626,0.010714812770100862,0.000610535052448248,2.5483581704389213e-05,3.035322352785929e-06
4.25,3.75,0.0007452720853468631,0.00013868661083830765,180,5.764328639321117,0.06315417253348947,0.003464824886573037,4.706704186238928e-05,9.131357595438921e-06
4.25,4.25,0.0020850618781338417,0.00023363092309403337,232,5.382487893393709,0.03433254286051995,0.001152364429513218,7.158547629786634e-05,8.373288421812002e-06
4.25,4.75,0.002893780994908341,0.0002761286364100055,257,3.4779913507678715,0.021887826109175737,0.0011984256122489643,6.333857521459133e-05,6.968147836060126e-06
4.25,5.25,0.00392125327036949,0.00032148491460380743,311,2.773285187985902,0.019745561103531182,0.0008741026501905072,7.742734605250225e-05,7.214161408200312e-06
4.25,5.75,0.0034582274968873285,0.0003026186301867613,302,2.4639078433234523,0.01602470670168027,0.00021698241048594878,5.541708134530536e-05,4.9070864892825046e-06
4.25,6.25,0.0036154496929682255,0.0003097501330929837,291,1.8163012681337143,0.013562775155728795,0.0006065672808707714,4.903553127257675e-05,4.7390198515279836e-06
4.25,6.75,0.0032613345906148195,0.0002937239395529681,279,1.1930680237144582,0.01439130274309384,0.00046221795476548863,4.6934853440061875e-05,4.487819027077138e-06
4.25,7.25,0.0024312700695531247,0.0002535496889171122,246,0.5940815543228619,0.011718193194359848,0.000538524891970499,2.849009238268822e-05,3.2468389463274037e-06
4.25,7.75,0.0029411527877125903,0.0002789375711782509,273,0.8320115021737577,0.011970651960352215,0.0004031410070176202,3.5207516383927104e-05,3.5433367202517914e-06
4.25,8.25,0.0026695971814709317,0.0002654477838089851,253,0.6786260457540804,0.010816169514741214,0.0002857858177496941,2.887481565086496e-05,2.97076489797059e-06
4.25,8.75,0.0025136430636190253,0.00025757687931343676,259,0.5735348340582078,0.010294134357851632,0.0005848341369783696,2.5875779424576044e-05,3.03178258186932e-06
4.25,9.25,0.0022454741676198858,0.00024326482379802235,248,0.8780224447057613,0.010476881984639233,0.0006631528797353565,2.352556785370956e-05,2.9517873722058567e-06
4.25,9.75,0.002088628934371381,0.00023328866745347607,255,0.9774406833199794,0.009882802615697248,0.0001283350913481843,2.064150749582644e-05,2.3210750682173617e-06
4.25,10.25,0.00189398068379451,0.00022251946168331914,259,1.8160068549772979,0.009718171235980714,0.0003601828202437793,1.840602860275489e-05,2.2675312581443395e-06
4.25,10.75,0.0017802477423227415,0.00021566467284594895,244,1.3967802657880437,0.01005883072441254,0.0006493239243429748,1.7907210687542052e-05,2.4580987629211574e-06
4.25,11.25,0.0022265224474658694,0.00024089333744224347,272,1.7189723900620164,0.008905846812760897,0.00029535239811935706,1.9829067842304504e-05,2.2438839525117375e-06
4.25,11.75,0.002337038347549245,0.0002465402046446572,281,1.812407109021007,0.009729100367494385,0.0008538111259263322,2.273728064598983e-05,3.1200848783975837e-06
4.25,12.25,0.0020331408076386475,0.00023001427414066848,241,1.4825920237944334,0.011109196068076236,0.00045893713481539585,2.2586559866064605e-05,2.7203067726694313e-06
4.25,12.75,0.0019141057503835408,0.00022332555144576196,195,2.073143425478465,0.01074496529890269,0.0007257352298475076,2.0566999866301238e-05,2.772705319489975e-06
4.5,3.75,0.00037708545227284194,9.649240858570177e-05,135,5.386665362800919,0.05910516072489245,0.002231995675593733,2.2287696263605082e-05,5.76496855166836e-06
4.5,4.25,0.001269958457930993,0.00018197063031717808,180,3.775481426702275,0.03324837733447031,0.0001891840495749522,4.22240580083917e-05,6.054996608320958e-06
4.5,4.75,0.0016280331806403751,0.0002061430187782151,212,2.917404960005523,0.024758234543688334,0.00031459518719680437,4.030722733120133e-05,5.129371602764872e-06
4.5,5.25,0.0030738414865653157,0.00028483174321325606,261,1.706915692496299,0.01996194896609801,0.0006355040841506051,6.135986688469168e-05,6.012005287912434e-06
4.5,5.75,0.0034114652040355613,0.00029940710532566086,300,0.8773384516229544,0.017701696027354746,9.115398792312087e-05,6.038872004973524e-05,5.309128489275921e-06
4.5,6.25,0.0034814009130106306,0.000302679013662725,304,0.3526728541009796,0.015263819589091164,0.00019455721328230484,5.3139475453491526e-05,4.669424802530235e-06
4.5,6.75,0.003835283892887626,0.00031781854382911416,327,0.25999554726372104,0.013535648229319448,0.0004957160326404495,5.191305363370179e-05,4.703273073887226e-06
4.5,7.25,0.0033940101108794257,0.000299772795982994,280,0.2588980954411864,0.012545661723654934,0.0003597842297025838,4.258010273775785e-05,3.954123317925826e-06
4.5,7.75,0.0028044658214295384,0.0002717044576780438,281,0.27364161550543203,0.012637464775976897,0.0008403870888369773,3.5441338033746904e-05,4.164693290529517e-06
4.5,8.25,0.0029590522568348912,0.0002791231849729062,299,0.26616226010154614,0.012438870656325035,0.0008058792651185483,3.68072682880759e-05,4.212021857372202e-06
4.5,8.75,0.002663165114198485,0.0002644161858989557,281,0.2895941106980202,0.011807326971469445,0.0004883005034772764,3.144486128235228e-05,3.3820542302211933e-06
4.5,9.25,0.003118137587728884,0.0002864557780396046,298,0.49415349128601926,0.010022800565497899,0.00020068715021241416,3.1252471177589314e-05,2.938492996806937e-06
4.5,9.75,0.0022952441421210624,0.00024520279409799296,261,0.6718907871619199,0.009866975204820936,0.0004327497618262846,2.2647117039319024e-05,2.615362741023117e-06
4.5,10.25,0.001726284316930509,0.00021238136160264942,238,1.2430029372901013,0.009579362545812643,0.00014066905535448259,1.653670332902788e-05,2.0489191570486336e-06
4.5,10.75,0.0020451031044482013,0.00023131976752327263,238,1.5270477337553132,0.0096839402257897,0.0006527047604957517,1.9804656219053332e-05,2.6076444317906482e-06
4.5,11.25,0.0019687888616521077,0.000226365888433589,263,1.5169690109030831,0.009761225999770575,0.0003465219225758291,1.9217793024417268e-05,2.312532350943766e-06
4.5,11.75,0.001829650186593557,0.00021824437480514008,246,1.7283221176816272,0.010048372739528048,0.00017210542798990166,1.8385007057839103e-05,2.215493185451388e-06
4.5,12.25,0.001997564826498012,0.0002281111783485436,229,1.8817754946439207,0.010454100520024039,0.00043079709143575807,2.0882743491474595e-05,2.5352156867113377e-06
4.5,12.75,0.0022026934177648383,0.00024017875256220785,208,1.779560916803714,0.010688693223612026,0.0002723153581351686,2.354391420815784e-05,2.636340871067555e-06
4.75,3.75,0.0001871458620500292,6.519088822052441e-05,139,4.398629933328843,0.056391115187089835,0.0009658564520244271,1.0553363863650421e-05,3.6806280404323113e-06
4.75,4.25,0.0006338655080795845,0.0001268121597301359,168,2.081974011782089,0.03185917077475776,0.0015290741672316038,2.0194429470136076e-05,4.15476282894809e-06
4.75,4.75,0.0018095325384192562,0.0002171593286425542,219,0.355272571143717,0.026574134502347597,0.0014665122442035303,4.808676106232778e-05,6.351732812454108e-06
4.75,5.25,0.0023138858121968028,0.00024638331454900395,242,0.325628398844304,0.02029278534501765,0.001320235342490775,4.695518809979154e-05,5.859205687580017e-06
4.75,5.75,0.0030379869405570436,0.00028300036043699014,278,0.09549874379528421,0.018071208860961693,0.0002988047587668497,5.490009651968035e-05,5.194098152325995e-06
4.75,6.25,0.0035253156674694844,0.0003047512065623787,285,0.18109193898006604,0.015301366413656134,0.0012136880324905295,5.394214675175333e-05,6.3286094684466065e-06
4.75,6.75,0.004029394320530427,0.00032616764920371806,309,0.2576486257769955,0.015471222952111383,0.000457139415422071,6.233965789489759e-05,5.3718902857276364e-06
4.75,7.25,0.0036160826048079204,0.000309182544507579,280,0.864052049968191,0.014677362569508514,0.0004980120798645399,5.307455547205862e-05,4.882250755157912e-06
4.75,7.75,0.0034861375963137166,0.0003029557527484225,292,0.26675072129950333,0.013007603880018545,0.0008331921340138023,4.534629692408883e-05,4.895525706312508e-06
4.75,8.25,0.0029831261626834284,0.0002806618546743404,239,0.5197664499465801,0.011649132635552423,0.0005981716061410497,3.475083233768579e-05,3.7247248488951872e-06
4.75,8.75,0.0025321232940460235,0.000258571660072388,234,0.5761339732661098,0.01064605113702838,0.00016858827342714617,2.6957114073674717e-05,2.7856702427942485e-06
4.75,9.25,0.0026866485705036676,0.00026648711945017456,259,0.661733030957196,0.01202239058386314,0.0001824627839192496,3.229993847617266e-05,3.2410988871887673e-06
4.75,9.75,0.00210331677738784,0.0002348369661795574,252,0.36005047084430375,0.010661873107045737,0.0012210835603590493,2.2425296584429517e-05,3.586825922835571e-06
4.75,10.25,0.0025527697666746486,0.00025868960801281256,271,0.9797320000584993,0.01156530779292445,0.0005732507414738828,2.9523568076064245e-05,3.3305388731524647e-06
4.75,10.75,0.0019154567781815009,0.00022392632489998254,263,2.158178077737883,0.011707259772904264,0.0006056479038961106,2.242475008594109e-05,2.8667769945988248e-06
4.75,11.25,0.0020449941859536384,0.0002307817785196896,250,2.224208216061708,0.013577814819134686,0.0006958325348132814,2.7766552363085584e-05,3.441475349841565e-06
4.75,11.75,0.0022218289131331914,0.00024061363009251384,274,2.1402099774178533,0.010950760689904119,0.0015380058967092893,2.4330716721631343e-05,4.315074737214503e-06
4.75,12.25,0.001884548393160929,0.0002210863150939562,253,2.4301644214068996,0.011026374389132232,0.0013658568218436469,2.0779736137429966e-05,3.5451896312236812e-06
4.75,12.75,0.0016890487889515476,0.00020966080475377674,202,2.5177924352016947,0.012432263836079748,0.002513401738437191,2.099870017625662e-05,4.981602530423395e-06
5.0,3.75,0.00035563167205878484,9.44062999852292e-05,118,1.0389511661648614,0.05759255255237964,0.0009077549442412669,2.048173576233621e-05,5.446675229078695e-06
5.0,4.25,0.00047009870719334876,0.00010870002849450252,146,0.5381745469773752,0.035479746505597924,0.0025503021623303665,1.667898296382932e-05,4.038699202716072e-06
5.0,4.75,0.0012195915246535729,0.0001778847379091947,200,0.21350884594531103,0.024941013764101138,0.0004142162985000822,3.0417849002965855e-05,4.465293835380817e-06
5.0,5.25,0.001702944482665973,0.00021033730676745443,216,0.21443054575904066,0.020257861633139456,0.000926276283362921,3.449801369876553e-05,4.543585225307582e-06
5.0,5.75,0.0024514721838293234,0.0002535307767211464,256,0.2527201610317749,0.018323004236671533,0.0016008711565796243,4.491833521038711e-05,6.081265849362721e-06
5.0,6.25,0.003093472165070061,0.00028529763511505907,297,0.3924550230536856,0.014357822758943295,0.00018088052653445204,4.441552505580051e-05,4.1342934810295105e-06
5.0,6.75,0.00407245826358258,0.0003274452589765357,305,0.050359557693054065,0.013776726351145347,0.0010150759774063013,5.6105143073837756e-05,6.118740944706221e-06
5.0,7.25,0.003815433460683873,0.00031726981417342444,308,0.2423048938665934,0.014805685962199104,0.001251580142432519,5.649010962855197e-05,6.6984497518868704e-06
5.0,7.75,0.003949902808168889,0.00032289433709222496,310,0.047805539098838556,0.013664355245414367,0.0008076915536820939,5.3972875155679504e-05,5.444725826295832e-06
5.0,8.25,0.0029782317236530867,0.00028080258453981073,237,0.12022084374044456,0.012780127757717598,0.002469926169138423,3.8062181920373936e-05,8.18471968094096e-06
5.0,8.75,0.0030186304136637257,0.00028274595975277995,260,0.3723180421005843,0.011130835810609538,0.000548236228899382,3.359987950740328e-05,3.5557881388712592e-06
5.0,9.25,0.002794989538648621,0.00027181659575583857,260,0.7983596689861062,0.011322844263452285,0.001849095273249475,3.164723126409668e-05,6.0152120720157965e-06
5.0,9.75,0.002638638719862729,0.0002637022792879793,264,0.6296758724545323,0.008686878161961335,0.0005360118428454721,2.2921533072881152e-05,2.6921916290444343e-06
5.0,10.25,0.0020485316433597528,0.00023238839087741576,236,0.778512720061499,0.01063504331010956,0.0009180743104205948,2.178622274926088e-05,3.1056667688600365e-06
5.0,10.75,0.0021516929349410354,0.0002371989606116572,255,2.447243423218997,0.0100270404969181,0.0008254269796632906,2.1575112195586324e-05,2.9683685610942972e-06
5.0,11.25,0.001590036507118749,0.00020433911684961963,214,1.2242781555461415,0.011294809372077731,0.0006178732643289763,1.795915924255059e-05,2.5083704401978698e-06
5.0,11.75,0.0018326540030967457,0.00021823988786618312,258,1.484069818393582,0.011710811279591539,0.0032381299652332585,2.1461865171053956e-05,6.461324147553594e-06
5.0,12.25,0.0014297493881407228,0.0001927249733238963,242,3.205397173746814,0.011850602598379598,0.0017715875919391336,1.694339181413209e-05,3.4105640325996815e-06
5.0,12.75,0.0021707012607567683,0.00023832089902898375,255,2.7915522878906422,0.010923962407738935,0.0005213411159207742,2.371265897093845e-05,2.8387367247738487e-06
